name,rank
Erasmus University Rotterdam,1
Texas A&M University,2
University of Pennsylvania,3
Harvard University,4
University of Michigan-Ann Arbor,5
Duke University,6
Georgia State University,7
Indiana University Bloomington,8
INSEAD,9
University of North Carolina at Chapel Hill,10
Columbia University,11
"University of Maryland, College Park",12
Arizona State University,13
Pennsylvania State University - University Park,14
University of Washington,15
Michigan State University,16
Tilburg University,17
Northwestern University,18
University of South Carolina - Columbia,19
"University of Minnesota, Twin Cities",20
The University of Georgia,21
University of Leeds,22
The University of Texas at Austin,23
University of Southern California,24
Aalto University,25
University of Miami,26
Northeastern University (Boston),27
Bocconi University,28
"City, University of London",29
University of British Columbia,30
The Ohio State University - Columbus,31
New York University,32
University of Florida,33
University of Pittsburgh,34
Stanford University,35
University of Alberta,36
University of Groningen,37
University of Arizona,38
Cornell University,39
University of Toronto,40
University of Colorado at Boulder,41
University of Illinois at Urbana-Champaign,42
Boston University,43
Texas Christian University,43
Huazhong University of Science and Technology,45
The Hong Kong University of Science and Technology,46
University of Wisconsin - Madison,46
University of St. Gallen,48
"Rutgers, The State University of New Jersey - New Brunswick",49
The Hong Kong Polytechnic University,49
Babson College,51-75
Boston College,51-75
Dartmouth College,51-75
Florida State University,51-75
Ghent University,51-75
London Business School,51-75
Monash University,51-75
Nanyang Technological University,51-75
National University of Singapore,51-75
Singapore Management University,51-75
Temple University,51-75
The Chinese University of Hong Kong,51-75
The University of Hong Kong,51-75
The University of Melbourne,51-75
University of Cambridge,51-75
University of Chicago,51-75
University of Cincinnati,51-75
University of Montreal,51-75
University of Notre Dame,51-75
University of Oxford,51-75
University of Sydney,51-75
University of Warwick,51-75
Virginia Polytechnic Institute and State University,51-75
Western University,51-75
York University,51-75
Aston University,76-100
Copenhagen Business School,76-100
Hanken School of Economics,76-100
Hong Kong Baptist University,76-100
Imperial College London,76-100
Kedge Business School,76-100
KU Leuven,76-100
Lancaster University,76-100
Lehigh University,76-100
Maastricht University,76-100
Peking University,76-100
Rice University,76-100
Simon Fraser University,76-100
The University of Manchester,76-100
The University of Texas at Dallas,76-100
The University of Texas at San Antonio,76-100
Universitat Ramon Llull,76-100
"University of California, Berkeley",76-100
"University of California, Los Angeles",76-100
University of Houston,76-100
University of Kentucky,76-100
University of Tennessee - Knoxville,76-100
University of Virginia,76-100
Vrije Universiteit Amsterdam,76-100
Washington University in St. Louis,76-100
BI Norwegian Business School,101-150
Brigham Young University,101-150
Cardiff University,101-150
Carnegie Mellon University,101-150
Catholic University of Portugal,101-150
City University New York - Baruch College,101-150
City University of Hong Kong,101-150
Clemson University,101-150
Colorado State University,101-150
Concordia University,101-150
Emlyon Business School,101-150
Escuela Superior de Administracion y Direccion de Empresas (ESADE),101-150
Florida International University,101-150
Fudan University,101-150
George Mason University,101-150
Georgetown University,101-150
Georgia Institute of Technology,101-150
HEC Paris,101-150
Iowa State University,101-150
Johns Hopkins University,101-150
Massachusetts Institute of Technology (MIT),101-150
Massey University,101-150
Montpellier Business School,101-150
Newcastle University,101-150
NOVA University Lisbon,101-150
Oklahoma State University,101-150
Shanghai Jiao Tong University,101-150
Sun Yat-sen University,101-150
Syracuse University,101-150
The George Washington University,101-150
The University of Alabama - Tuscaloosa,101-150
The University of New South Wales,101-150
"The University of Newcastle, Australia",101-150
Tsinghua University,101-150
University of Amsterdam,101-150
University of Central Florida,101-150
University of Cologne,101-150
University of Connecticut,101-150
University of Iowa,101-150
University of Kansas,101-150
University of Mannheim,101-150
University of Missouri - Columbia,101-150
University of Muenster,101-150
University of Navarra,101-150
University of Nebraska - Lincoln,101-150
University of Oregon,101-150
University of South Florida,101-150
Washington State University,101-150
WU Vienna University of Economics and Business,101-150
Yale University,101-150
Aarhus University,151-200
Drexel University,151-200
Emory University,151-200
ESSEC Business School,151-200
Grenoble Ecole Management,151-200
IESEG School of Management,151-200
Instituto Universitario de Lisboa,151-200
Korea University,151-200
London School of Economics and Political Science,151-200
Loughborough University,151-200
Louisiana State University - Baton Rouge,151-200
McGill University,151-200
Miami University-Oxford,151-200
Polytechnic University of Milan,151-200
Purdue University - West Lafayette,151-200
Queensland University of Technology,151-200
Renmin University of China,151-200
RMIT University,151-200
"Royal Holloway, University of London",151-200
Rutgers University - Newark,151-200
Santa Clara University,151-200
Stockholm School of Economics,151-200
Technical University of Munich,151-200
Tel Aviv University,151-200
The University of Edinburgh,151-200
The University of Queensland,151-200
The University of Sheffield,151-200
"University at Buffalo, the State University of New York",151-200
University College London,151-200
University of Arkansas at Fayetteville,151-200
University of Bath,151-200
University of Birmingham,151-200
"University of California, Davis",151-200
"University of California, San Diego",151-200
University of Delaware,151-200
University of Hamburg,151-200
University of Illinois at Chicago,151-200
University of International Business and Economics,151-200
University of Kent,151-200
University of Liverpool,151-200
University of Massachusetts Amherst,151-200
University of Nottingham,151-200
University of Strathclyde,151-200
University of Surrey,151-200
University of Sussex,151-200
University of Technology Sydney,151-200
University of Twente,151-200
University of Valencia,151-200
Vanderbilt University,151-200
Villanova University,151-200
Wilfrid Laurier University,151-200
Athens University of Economics and Business,201-300
Auburn University,201-300
Ball State University,201-300
Baylor University,201-300
Brock University,201-300
Catholic University of Louvain,201-300
Cranfield University,201-300
Curtin University,201-300
Deakin University,201-300
Delft University of Technology,201-300
Durham University,201-300
Eindhoven University of Technology,201-300
ESCP Business School,201-300
ETH Zurich,201-300
European University Viadrina,201-300
Goethe University Frankfurt,201-300
Hunan University,201-300
IE University,201-300
Illinois State University,201-300
Indian Institute of Management Bangalore,201-300
Karlstad University,201-300
King's College London,201-300
Linkoping University,201-300
Luiss Guido Carli University,201-300
Lulea University of Technology,201-300
Lund University,201-300
Macquarie University,201-300
McMaster University,201-300
Middlesex University,201-300
Monterrey Institute of Technology and Higher Education,201-300
Nanjing University,201-300
National Taiwan University,201-300
NEOMA Business School,201-300
NHH - Norwegian School of Economics,201-300
North Carolina State University - Raleigh,201-300
Ohio University,201-300
Old Dominion University,201-300
Ozyegin University,201-300
Portland State University,201-300
PSL University,201-300
Queen Mary University of London,201-300
Queen's University,201-300
Radboud University Nijmegen,201-300
RWTH Aachen University,201-300
Saint Louis University,201-300
San Diego State University,201-300
Seoul National University,201-300
Shanghai University of Finance and Economics,201-300
SKEMA Business School,201-300
Southwestern University of Finance and Economics,201-300
Stockholm University,201-300
Sungkyunkwan University,201-300
The University of Adelaide,201-300
The University of Auckland,201-300
The University of Calgary,201-300
The University of Reading,201-300
The University of Texas at Arlington,201-300
The University of Waikato,201-300
The University of Western Australia,201-300
University College Dublin,201-300
University of Bern,201-300
University of Bologna,201-300
"University of California, Irvine",201-300
University of East Anglia,201-300
University of Erlangen-Nuremberg,201-300
University of Hawaii at Manoa,201-300
University of Lausanne,201-300
University of Lisbon,201-300
University of Manitoba,201-300
University of Massachusetts Boston,201-300
University of Mississippi,201-300
University of Missouri-Kansas City,201-300
University of Munich,201-300
University of North Carolina at Charlotte,201-300
University of North Carolina at Greensboro,201-300
University of Nottingham Ningbo China,201-300
University of Oklahoma - Norman,201-300
University of Ottawa,201-300
University of Paderborn,201-300
University of Salamanca,201-300
University of South Australia,201-300
University of Southern Denmark,201-300
University of Turku,201-300
University of Utah,201-300
University of Vaasa,201-300
University of Victoria,201-300
University of Vienna,201-300
University of Waterloo,201-300
University of Zurich,201-300
Utrecht University,201-300
Vlerick Business School,201-300
Wageningen University & Research,201-300
Wayne State University,201-300
West Virginia University,201-300
Wuhan University,201-300
Xiamen University,201-300
Yonsei University,201-300
Zayed University,201-300
Zhejiang University,201-300
American University of Beirut,301-400
Brunel University,301-400
Carleton University,301-400
Carlos III University of Madrid,301-400
Case Western Reserve University,301-400
Central University of Finance and Economics,301-400
Chalmers University of Technology,301-400
Cleveland State University,301-400
Coventry University,301-400
DePaul University,301-400
Dublin City University,301-400
Edhec Business School,301-400
Florida Atlantic University,301-400
Fordham University,301-400
Free University Berlin,301-400
Free University of Bozen-Bolzano,301-400
Griffith University,301-400
Harbin Institute of Technology,301-400
HSE University,301-400
Jinan University,301-400
Jonkoping University,301-400
Kent State University,301-400
Kingston University,301-400
Korea Advanced Institute of Science and Technology,301-400
Lappeenranta University of Technology,301-400
Laval University,301-400
Leuphana University Luneburg,301-400
Lille Catholic University,301-400
Lingnan University,301-400
Memorial University of Newfoundland,301-400
Mississippi State University,301-400
Nankai University,301-400
Nottingham Trent University,301-400
Oregon State University,301-400
Polytechnic University of Valencia,301-400
Princeton University,301-400
Ryerson University,301-400
San Francisco State University,301-400
Sapienza University of Rome,301-400
Scuola Superiore Sant'Anna,301-400
Shanghai University,301-400
Solent University,301-400
Southern Methodist University,301-400
Swansea University,301-400
Swinburne University of Technology,301-400
Technical University of Berlin,301-400
Technical University of Dortmund,301-400
Texas State University-San Marcos,301-400
Texas Tech University,301-400
The University of Glasgow,301-400
Tongji University,301-400
Toulouse Business School,301-400
Universidad Adolfo Ibanez,301-400
Universit√† Della Svizzera Italiana,301-400
University of Antwerp,301-400
University of Beira Interior,301-400
University of Bergamo,301-400
University of Bradford,301-400
University of Chile,301-400
University of Deusto,301-400
University of Essex,301-400
Exeter University,301-400
University of Geneva,301-400
University of Gothenburg,301-400
University of Granada,301-400
University of Hull,301-400
University of Innsbruck,301-400
University of Jena,301-400
University of Kassel,301-400
University of Lille,301-400
University of Ljubljana,301-400
University of Louisville,301-400
University of Macau,301-400
University of Massachusetts Lowell,301-400
University of Milan,301-400
University of Montpellier,301-400
University of Nevada-Las Vegas,301-400
University of New Hampshire,301-400
University of North Texas,301-400
University of Plymouth,301-400
University of Portsmouth,301-400
University of Richmond,301-400
University of Salento,301-400
University of Science and Technology of China,301-400
University of Seville,301-400
University of Southampton,301-400
University of the West of England,301-400
University of Toledo,301-400
University of Turin,301-400
University of Westminster,301-400
University of Wisconsin-Milwaukee,301-400
University of Wollongong,301-400
University of Zaragoza,301-400
Uppsala University,301-400
Virginia Commonwealth University,301-400
Wake Forest University,301-400
Xi'an Jiaotong University,301-400
Xi'an Jiaotong-Liverpool University,301-400
Zhongnan University of Economics and Law,301-400
